"driverId","driverName","constructorId","constructorName","lap","lapTime","lapPosition"
815,"Sergio Pérez",9,"Red Bull",1,96.191,1
815,"Sergio Pérez",9,"Red Bull",2,93.963,1
815,"Sergio Pérez",9,"Red Bull",3,93.516,1
815,"Sergio Pérez",9,"Red Bull",4,93.079,1
815,"Sergio Pérez",9,"Red Bull",5,93.258,1
815,"Sergio Pérez",9,"Red Bull",6,93.362,1
815,"Sergio Pérez",9,"Red Bull",7,92.865,1
815,"Sergio Pérez",9,"Red Bull",8,93.142,1
815,"Sergio Pérez",9,"Red Bull",9,93.096,1
815,"Sergio Pérez",9,"Red Bull",10,92.599,1
815,"Sergio Pérez",9,"Red Bull",11,92.478,1
815,"Sergio Pérez",9,"Red Bull",12,92.37,1
815,"Sergio Pérez",9,"Red Bull",13,91.916,1
815,"Sergio Pérez",9,"Red Bull",14,92.624,1
815,"Sergio Pérez",9,"Red Bull",15,92.603,1
815,"Sergio Pérez",9,"Red Bull",16,93.063,1
815,"Sergio Pérez",9,"Red Bull",17,92.903,1
815,"Sergio Pérez",9,"Red Bull",18,92.491,1
815,"Sergio Pérez",9,"Red Bull",19,92.7,1
815,"Sergio Pérez",9,"Red Bull",20,97.863,3
815,"Sergio Pérez",9,"Red Bull",21,106.826,4
815,"Sergio Pérez",9,"Red Bull",22,91.533,3
815,"Sergio Pérez",9,"Red Bull",23,91.864,3
815,"Sergio Pérez",9,"Red Bull",24,91.446,3
815,"Sergio Pérez",9,"Red Bull",25,91.444,2
815,"Sergio Pérez",9,"Red Bull",26,91.587,2
815,"Sergio Pérez",9,"Red Bull",27,91.852,2
815,"Sergio Pérez",9,"Red Bull",28,91.597,2
815,"Sergio Pérez",9,"Red Bull",29,91.583,2
815,"Sergio Pérez",9,"Red Bull",30,91.49,2
815,"Sergio Pérez",9,"Red Bull",31,92.111,2
815,"Sergio Pérez",9,"Red Bull",32,91.383,2
815,"Sergio Pérez",9,"Red Bull",33,91.791,2
815,"Sergio Pérez",9,"Red Bull",34,91.41,2
815,"Sergio Pérez",9,"Red Bull",35,91.326,2
815,"Sergio Pérez",9,"Red Bull",36,91.192,2
815,"Sergio Pérez",9,"Red Bull",37,91.435,2
815,"Sergio Pérez",9,"Red Bull",38,92.314,2
815,"Sergio Pérez",9,"Red Bull",39,91.755,2
815,"Sergio Pérez",9,"Red Bull",40,91.64,2
815,"Sergio Pérez",9,"Red Bull",41,91.506,2
815,"Sergio Pérez",9,"Red Bull",42,91.314,2
815,"Sergio Pérez",9,"Red Bull",43,91.214,2
815,"Sergio Pérez",9,"Red Bull",44,90.897,2
815,"Sergio Pérez",9,"Red Bull",45,91.291,2
815,"Sergio Pérez",9,"Red Bull",46,91.559,1
815,"Sergio Pérez",9,"Red Bull",47,91.783,1
815,"Sergio Pérez",9,"Red Bull",48,92.334,2
815,"Sergio Pérez",9,"Red Bull",49,90.997,2
815,"Sergio Pérez",9,"Red Bull",50,91.036,2
815,"Sergio Pérez",9,"Red Bull",51,91.247,2
815,"Sergio Pérez",9,"Red Bull",52,90.689,2
815,"Sergio Pérez",9,"Red Bull",53,90.688,2
815,"Sergio Pérez",9,"Red Bull",54,90.716,2
815,"Sergio Pérez",9,"Red Bull",55,90.635,2
815,"Sergio Pérez",9,"Red Bull",56,91.498,2
815,"Sergio Pérez",9,"Red Bull",57,90.56,2
4,"Fernando Alonso",117,"Aston Martin",1,97.248,2
4,"Fernando Alonso",117,"Aston Martin",2,94.175,2
4,"Fernando Alonso",117,"Aston Martin",3,93.258,2
4,"Fernando Alonso",117,"Aston Martin",4,93.472,2
4,"Fernando Alonso",117,"Aston Martin",5,93.756,2
4,"Fernando Alonso",117,"Aston Martin",6,92.942,2
4,"Fernando Alonso",117,"Aston Martin",7,93.067,2
4,"Fernando Alonso",117,"Aston Martin",8,92.997,2
4,"Fernando Alonso",117,"Aston Martin",9,92.951,2
4,"Fernando Alonso",117,"Aston Martin",10,93.065,2
4,"Fernando Alonso",117,"Aston Martin",11,92.999,2
4,"Fernando Alonso",117,"Aston Martin",12,92.728,2
4,"Fernando Alonso",117,"Aston Martin",13,92.399,2
4,"Fernando Alonso",117,"Aston Martin",14,92.774,2
4,"Fernando Alonso",117,"Aston Martin",15,93.718,3
4,"Fernando Alonso",117,"Aston Martin",16,92.839,3
4,"Fernando Alonso",117,"Aston Martin",17,92.938,3
4,"Fernando Alonso",117,"Aston Martin",18,92.851,3
4,"Fernando Alonso",117,"Aston Martin",19,92.948,3
4,"Fernando Alonso",117,"Aston Martin",20,92.461,2
4,"Fernando Alonso",117,"Aston Martin",21,92.426,2
4,"Fernando Alonso",117,"Aston Martin",22,92.514,2
4,"Fernando Alonso",117,"Aston Martin",23,92.266,2
4,"Fernando Alonso",117,"Aston Martin",24,97.282,2
4,"Fernando Alonso",117,"Aston Martin",25,107.051,5
4,"Fernando Alonso",117,"Aston Martin",26,92.135,5
4,"Fernando Alonso",117,"Aston Martin",27,92.721,4
4,"Fernando Alonso",117,"Aston Martin",28,92.228,4
4,"Fernando Alonso",117,"Aston Martin",29,92.394,3
4,"Fernando Alonso",117,"Aston Martin",30,92.693,3
4,"Fernando Alonso",117,"Aston Martin",31,92.591,3
4,"Fernando Alonso",117,"Aston Martin",32,92.302,3
4,"Fernando Alonso",117,"Aston Martin",33,92.355,3
4,"Fernando Alonso",117,"Aston Martin",34,92.404,3
4,"Fernando Alonso",117,"Aston Martin",35,91.944,3
4,"Fernando Alonso",117,"Aston Martin",36,92.007,3
4,"Fernando Alonso",117,"Aston Martin",37,91.466,3
4,"Fernando Alonso",117,"Aston Martin",38,91.347,3
4,"Fernando Alonso",117,"Aston Martin",39,91.404,3
4,"Fernando Alonso",117,"Aston Martin",40,91.514,3
4,"Fernando Alonso",117,"Aston Martin",41,91.29,3
4,"Fernando Alonso",117,"Aston Martin",42,91.262,3
4,"Fernando Alonso",117,"Aston Martin",43,91.212,3
4,"Fernando Alonso",117,"Aston Martin",44,91.76,3
4,"Fernando Alonso",117,"Aston Martin",45,91.601,3
4,"Fernando Alonso",117,"Aston Martin",46,91.917,3
4,"Fernando Alonso",117,"Aston Martin",47,91.613,3
4,"Fernando Alonso",117,"Aston Martin",48,91.585,3
4,"Fernando Alonso",117,"Aston Martin",49,91.69,3
4,"Fernando Alonso",117,"Aston Martin",50,91.873,3
4,"Fernando Alonso",117,"Aston Martin",51,90.798,3
4,"Fernando Alonso",117,"Aston Martin",52,92.252,3
4,"Fernando Alonso",117,"Aston Martin",53,91.735,3
4,"Fernando Alonso",117,"Aston Martin",54,91.454,3
4,"Fernando Alonso",117,"Aston Martin",55,91.76,3
4,"Fernando Alonso",117,"Aston Martin",56,91.595,3
4,"Fernando Alonso",117,"Aston Martin",57,90.519,3
832,"Carlos Sainz",6,"Ferrari",1,98.078,3
832,"Carlos Sainz",6,"Ferrari",2,94.215,3
832,"Carlos Sainz",6,"Ferrari",3,93.482,3
832,"Carlos Sainz",6,"Ferrari",4,93.567,3
832,"Carlos Sainz",6,"Ferrari",5,93.249,3
832,"Carlos Sainz",6,"Ferrari",6,92.849,3
832,"Carlos Sainz",6,"Ferrari",7,93.219,3
832,"Carlos Sainz",6,"Ferrari",8,92.993,3
832,"Carlos Sainz",6,"Ferrari",9,93.107,3
832,"Carlos Sainz",6,"Ferrari",10,93.122,3
832,"Carlos Sainz",6,"Ferrari",11,92.971,3
832,"Carlos Sainz",6,"Ferrari",12,92.578,3
832,"Carlos Sainz",6,"Ferrari",13,92.414,3
832,"Carlos Sainz",6,"Ferrari",14,93.319,4
832,"Carlos Sainz",6,"Ferrari",15,93.06,4
832,"Carlos Sainz",6,"Ferrari",16,92.963,4
832,"Carlos Sainz",6,"Ferrari",17,92.748,4
832,"Carlos Sainz",6,"Ferrari",18,97.311,4
832,"Carlos Sainz",6,"Ferrari",19,106.534,7
832,"Carlos Sainz",6,"Ferrari",20,92.209,6
832,"Carlos Sainz",6,"Ferrari",21,92.346,5
832,"Carlos Sainz",6,"Ferrari",22,92.619,5
832,"Carlos Sainz",6,"Ferrari",23,92.354,5
832,"Carlos Sainz",6,"Ferrari",24,92.387,5
832,"Carlos Sainz",6,"Ferrari",25,92.693,4
832,"Carlos Sainz",6,"Ferrari",26,92.556,4
832,"Carlos Sainz",6,"Ferrari",27,93.447,5
832,"Carlos Sainz",6,"Ferrari",28,92.749,5
832,"Carlos Sainz",6,"Ferrari",29,92.715,5
832,"Carlos Sainz",6,"Ferrari",30,92.716,4
832,"Carlos Sainz",6,"Ferrari",31,92.727,4
832,"Carlos Sainz",6,"Ferrari",32,92.321,4
832,"Carlos Sainz",6,"Ferrari",33,94.44,5
832,"Carlos Sainz",6,"Ferrari",34,91.953,4
832,"Carlos Sainz",6,"Ferrari",35,92.306,4
832,"Carlos Sainz",6,"Ferrari",36,92.914,4
832,"Carlos Sainz",6,"Ferrari",37,93.522,5
832,"Carlos Sainz",6,"Ferrari",38,92.507,5
832,"Carlos Sainz",6,"Ferrari",39,92.208,5
832,"Carlos Sainz",6,"Ferrari",40,91.867,5
832,"Carlos Sainz",6,"Ferrari",41,91.849,5
832,"Carlos Sainz",6,"Ferrari",42,91.942,5
832,"Carlos Sainz",6,"Ferrari",43,91.727,5
832,"Carlos Sainz",6,"Ferrari",44,91.634,5
832,"Carlos Sainz",6,"Ferrari",45,91.719,5
832,"Carlos Sainz",6,"Ferrari",46,91.801,5
832,"Carlos Sainz",6,"Ferrari",47,91.742,5
832,"Carlos Sainz",6,"Ferrari",48,91.616,5
832,"Carlos Sainz",6,"Ferrari",49,91.432,5
832,"Carlos Sainz",6,"Ferrari",50,91.775,5
832,"Carlos Sainz",6,"Ferrari",51,91.566,5
832,"Carlos Sainz",6,"Ferrari",52,91.551,5
832,"Carlos Sainz",6,"Ferrari",53,91.977,5
832,"Carlos Sainz",6,"Ferrari",54,91.554,5
832,"Carlos Sainz",6,"Ferrari",55,91.362,5
832,"Carlos Sainz",6,"Ferrari",56,91.707,5
832,"Carlos Sainz",6,"Ferrari",57,91.463,5
842,"Pierre Gasly",214,"Alpine F1 Team",1,98.764,4
842,"Pierre Gasly",214,"Alpine F1 Team",2,94.166,4
842,"Pierre Gasly",214,"Alpine F1 Team",3,93.53,4
842,"Pierre Gasly",214,"Alpine F1 Team",4,93.531,4
842,"Pierre Gasly",214,"Alpine F1 Team",5,93.372,4
842,"Pierre Gasly",214,"Alpine F1 Team",6,93.404,4
842,"Pierre Gasly",214,"Alpine F1 Team",7,93.369,4
842,"Pierre Gasly",214,"Alpine F1 Team",8,93.214,4
842,"Pierre Gasly",214,"Alpine F1 Team",9,94.272,5
842,"Pierre Gasly",214,"Alpine F1 Team",10,94.819,6
842,"Pierre Gasly",214,"Alpine F1 Team",11,93.145,6
842,"Pierre Gasly",214,"Alpine F1 Team",12,93.329,6
842,"Pierre Gasly",214,"Alpine F1 Team",13,93.259,6
842,"Pierre Gasly",214,"Alpine F1 Team",14,93.743,6
842,"Pierre Gasly",214,"Alpine F1 Team",15,98.406,8
842,"Pierre Gasly",214,"Alpine F1 Team",16,108.049,14
842,"Pierre Gasly",214,"Alpine F1 Team",17,92.301,14
842,"Pierre Gasly",214,"Alpine F1 Team",18,92.436,13
842,"Pierre Gasly",214,"Alpine F1 Team",19,92.478,13
842,"Pierre Gasly",214,"Alpine F1 Team",20,92.815,13
842,"Pierre Gasly",214,"Alpine F1 Team",21,93.005,13
842,"Pierre Gasly",214,"Alpine F1 Team",22,92.515,11
842,"Pierre Gasly",214,"Alpine F1 Team",23,92.75,11
842,"Pierre Gasly",214,"Alpine F1 Team",24,92.766,11
842,"Pierre Gasly",214,"Alpine F1 Team",25,92.293,10
842,"Pierre Gasly",214,"Alpine F1 Team",26,92.837,10
842,"Pierre Gasly",214,"Alpine F1 Team",27,92.769,10
842,"Pierre Gasly",214,"Alpine F1 Team",28,93.021,10
842,"Pierre Gasly",214,"Alpine F1 Team",29,92.543,10
842,"Pierre Gasly",214,"Alpine F1 Team",30,92.518,10
842,"Pierre Gasly",214,"Alpine F1 Team",31,92.573,10
842,"Pierre Gasly",214,"Alpine F1 Team",32,93.164,10
842,"Pierre Gasly",214,"Alpine F1 Team",33,94.459,9
842,"Pierre Gasly",214,"Alpine F1 Team",34,92.054,9
842,"Pierre Gasly",214,"Alpine F1 Team",35,92.586,9
842,"Pierre Gasly",214,"Alpine F1 Team",36,92.32,8
842,"Pierre Gasly",214,"Alpine F1 Team",37,92.259,8
842,"Pierre Gasly",214,"Alpine F1 Team",38,92.352,7
842,"Pierre Gasly",214,"Alpine F1 Team",39,92.254,7
842,"Pierre Gasly",214,"Alpine F1 Team",40,92.125,6
842,"Pierre Gasly",214,"Alpine F1 Team",41,92.158,6
842,"Pierre Gasly",214,"Alpine F1 Team",42,92.189,6
842,"Pierre Gasly",214,"Alpine F1 Team",43,92.148,6
842,"Pierre Gasly",214,"Alpine F1 Team",44,92.143,6
842,"Pierre Gasly",214,"Alpine F1 Team",45,92.22,6
842,"Pierre Gasly",214,"Alpine F1 Team",46,92.52,6
842,"Pierre Gasly",214,"Alpine F1 Team",47,92.17,6
842,"Pierre Gasly",214,"Alpine F1 Team",48,91.991,6
842,"Pierre Gasly",214,"Alpine F1 Team",49,92.067,6
842,"Pierre Gasly",214,"Alpine F1 Team",50,92.112,6
842,"Pierre Gasly",214,"Alpine F1 Team",51,92.053,6
842,"Pierre Gasly",214,"Alpine F1 Team",52,92.105,6
842,"Pierre Gasly",214,"Alpine F1 Team",53,94.067,8
842,"Pierre Gasly",214,"Alpine F1 Team",54,92.393,8
842,"Pierre Gasly",214,"Alpine F1 Team",55,91.971,8
842,"Pierre Gasly",214,"Alpine F1 Team",56,92.025,8
842,"Pierre Gasly",214,"Alpine F1 Team",57,92.014,8
847,"George Russell",131,"Mercedes",1,99.467,5
847,"George Russell",131,"Mercedes",2,94.155,5
847,"George Russell",131,"Mercedes",3,93.695,5
847,"George Russell",131,"Mercedes",4,93.64,5
847,"George Russell",131,"Mercedes",5,93.748,5
847,"George Russell",131,"Mercedes",6,93.305,5
847,"George Russell",131,"Mercedes",7,92.892,5
847,"George Russell",131,"Mercedes",8,93.591,6
847,"George Russell",131,"Mercedes",9,93.351,6
847,"George Russell",131,"Mercedes",10,93.552,5
847,"George Russell",131,"Mercedes",11,92.984,5
847,"George Russell",131,"Mercedes",12,92.627,5
847,"George Russell",131,"Mercedes",13,92.98,5
847,"George Russell",131,"Mercedes",14,92.995,5
847,"George Russell",131,"Mercedes",15,92.831,5
847,"George Russell",131,"Mercedes",16,92.822,5
847,"George Russell",131,"Mercedes",17,97.609,5
847,"George Russell",131,"Mercedes",18,107.89,12
847,"George Russell",131,"Mercedes",19,92.805,12
847,"George Russell",131,"Mercedes",20,92.456,11
847,"George Russell",131,"Mercedes",21,92.7,11
847,"George Russell",131,"Mercedes",22,94.12,10
847,"George Russell",131,"Mercedes",23,92.767,10
847,"George Russell",131,"Mercedes",24,92.602,9
847,"George Russell",131,"Mercedes",25,92.422,9
847,"George Russell",131,"Mercedes",26,92.107,8
847,"George Russell",131,"Mercedes",27,92.155,8
847,"George Russell",131,"Mercedes",28,92.808,7
847,"George Russell",131,"Mercedes",29,91.956,7
847,"George Russell",131,"Mercedes",30,92.039,7
847,"George Russell",131,"Mercedes",31,92.281,7
847,"George Russell",131,"Mercedes",32,91.815,6
847,"George Russell",131,"Mercedes",33,92.41,6
847,"George Russell",131,"Mercedes",34,92.417,6
847,"George Russell",131,"Mercedes",35,91.865,6
847,"George Russell",131,"Mercedes",36,92.019,5
847,"George Russell",131,"Mercedes",37,92.257,4
847,"George Russell",131,"Mercedes",38,91.605,4
847,"George Russell",131,"Mercedes",39,92.016,4
847,"George Russell",131,"Mercedes",40,91.758,4
847,"George Russell",131,"Mercedes",41,91.78,4
847,"George Russell",131,"Mercedes",42,91.481,4
847,"George Russell",131,"Mercedes",43,91.556,4
847,"George Russell",131,"Mercedes",44,91.701,4
847,"George Russell",131,"Mercedes",45,92.042,4
847,"George Russell",131,"Mercedes",46,91.936,4
847,"George Russell",131,"Mercedes",47,91.749,4
847,"George Russell",131,"Mercedes",48,91.606,4
847,"George Russell",131,"Mercedes",49,91.395,4
847,"George Russell",131,"Mercedes",50,91.362,4
847,"George Russell",131,"Mercedes",51,91.266,4
847,"George Russell",131,"Mercedes",52,91.44,4
847,"George Russell",131,"Mercedes",53,91.59,4
847,"George Russell",131,"Mercedes",54,91.615,4
847,"George Russell",131,"Mercedes",55,91.32,4
847,"George Russell",131,"Mercedes",56,91.102,4
847,"George Russell",131,"Mercedes",57,91.015,4
844,"Charles Leclerc",6,"Ferrari",1,100.402,6
844,"Charles Leclerc",6,"Ferrari",2,94.62,6
844,"Charles Leclerc",6,"Ferrari",3,94.906,6
844,"Charles Leclerc",6,"Ferrari",4,94.83,8
844,"Charles Leclerc",6,"Ferrari",5,93.426,8
844,"Charles Leclerc",6,"Ferrari",6,93.619,8
844,"Charles Leclerc",6,"Ferrari",7,93.274,8
844,"Charles Leclerc",6,"Ferrari",8,93.3,8
844,"Charles Leclerc",6,"Ferrari",9,93.315,8
844,"Charles Leclerc",6,"Ferrari",10,93.322,8
844,"Charles Leclerc",6,"Ferrari",11,92.876,8
844,"Charles Leclerc",6,"Ferrari",12,93.063,8
844,"Charles Leclerc",6,"Ferrari",13,94.593,8
844,"Charles Leclerc",6,"Ferrari",14,93.747,7
844,"Charles Leclerc",6,"Ferrari",15,93.435,6
844,"Charles Leclerc",6,"Ferrari",16,93.35,6
844,"Charles Leclerc",6,"Ferrari",17,97.645,7
844,"Charles Leclerc",6,"Ferrari",18,108.229,15
844,"Charles Leclerc",6,"Ferrari",19,93.391,15
844,"Charles Leclerc",6,"Ferrari",20,92.826,15
844,"Charles Leclerc",6,"Ferrari",21,93.034,15
844,"Charles Leclerc",6,"Ferrari",22,92.792,15
844,"Charles Leclerc",6,"Ferrari",23,92.582,14
844,"Charles Leclerc",6,"Ferrari",24,93.038,14
844,"Charles Leclerc",6,"Ferrari",25,92.612,14
844,"Charles Leclerc",6,"Ferrari",26,92.67,14
844,"Charles Leclerc",6,"Ferrari",27,92.479,13
844,"Charles Leclerc",6,"Ferrari",28,92.484,13
844,"Charles Leclerc",6,"Ferrari",29,92.51,13
844,"Charles Leclerc",6,"Ferrari",30,92.238,13
844,"Charles Leclerc",6,"Ferrari",31,91.911,13
844,"Charles Leclerc",6,"Ferrari",32,92.062,13
844,"Charles Leclerc",6,"Ferrari",33,92.585,12
844,"Charles Leclerc",6,"Ferrari",34,92.55,12
844,"Charles Leclerc",6,"Ferrari",35,92.734,12
844,"Charles Leclerc",6,"Ferrari",36,92.833,11
844,"Charles Leclerc",6,"Ferrari",37,93.652,11
844,"Charles Leclerc",6,"Ferrari",38,92.262,9
844,"Charles Leclerc",6,"Ferrari",39,92.386,9
844,"Charles Leclerc",6,"Ferrari",40,92.105,8
844,"Charles Leclerc",6,"Ferrari",41,91.977,8
844,"Charles Leclerc",6,"Ferrari",42,91.768,7
844,"Charles Leclerc",6,"Ferrari",43,91.577,7
844,"Charles Leclerc",6,"Ferrari",44,91.831,7
844,"Charles Leclerc",6,"Ferrari",45,91.683,7
844,"Charles Leclerc",6,"Ferrari",46,92.105,7
844,"Charles Leclerc",6,"Ferrari",47,91.987,7
844,"Charles Leclerc",6,"Ferrari",48,91.732,7
844,"Charles Leclerc",6,"Ferrari",49,91.891,7
844,"Charles Leclerc",6,"Ferrari",50,92.17,7
844,"Charles Leclerc",6,"Ferrari",51,91.777,7
844,"Charles Leclerc",6,"Ferrari",52,91.532,7
844,"Charles Leclerc",6,"Ferrari",53,92.265,6
844,"Charles Leclerc",6,"Ferrari",54,92.353,7
844,"Charles Leclerc",6,"Ferrari",55,91.832,7
844,"Charles Leclerc",6,"Ferrari",56,91.627,7
844,"Charles Leclerc",6,"Ferrari",57,91.434,7
825,"Kevin Magnussen",210,"Haas F1 Team",1,100.86,7
825,"Kevin Magnussen",210,"Haas F1 Team",2,94.557,7
825,"Kevin Magnussen",210,"Haas F1 Team",3,94.58,7
825,"Kevin Magnussen",210,"Haas F1 Team",4,94.079,7
825,"Kevin Magnussen",210,"Haas F1 Team",5,93.281,7
825,"Kevin Magnussen",210,"Haas F1 Team",6,93.595,7
825,"Kevin Magnussen",210,"Haas F1 Team",7,93.163,7
825,"Kevin Magnussen",210,"Haas F1 Team",8,93.136,7
825,"Kevin Magnussen",210,"Haas F1 Team",9,93.293,7
825,"Kevin Magnussen",210,"Haas F1 Team",10,93.551,7
825,"Kevin Magnussen",210,"Haas F1 Team",11,93.431,7
825,"Kevin Magnussen",210,"Haas F1 Team",12,93.148,7
825,"Kevin Magnussen",210,"Haas F1 Team",13,94.546,7
825,"Kevin Magnussen",210,"Haas F1 Team",14,98.728,12
825,"Kevin Magnussen",210,"Haas F1 Team",15,107.363,16
825,"Kevin Magnussen",210,"Haas F1 Team",16,92.134,15
825,"Kevin Magnussen",210,"Haas F1 Team",17,92.645,15
825,"Kevin Magnussen",210,"Haas F1 Team",18,92.418,14
825,"Kevin Magnussen",210,"Haas F1 Team",19,92.833,14
825,"Kevin Magnussen",210,"Haas F1 Team",20,93.613,14
825,"Kevin Magnussen",210,"Haas F1 Team",21,92.334,14
825,"Kevin Magnussen",210,"Haas F1 Team",22,92.522,13
825,"Kevin Magnussen",210,"Haas F1 Team",23,93.278,13
825,"Kevin Magnussen",210,"Haas F1 Team",24,93.203,12
825,"Kevin Magnussen",210,"Haas F1 Team",25,92.734,12
825,"Kevin Magnussen",210,"Haas F1 Team",26,93.039,12
825,"Kevin Magnussen",210,"Haas F1 Team",27,92.854,12
825,"Kevin Magnussen",210,"Haas F1 Team",28,92.585,12
825,"Kevin Magnussen",210,"Haas F1 Team",29,92.426,12
825,"Kevin Magnussen",210,"Haas F1 Team",30,92.433,12
825,"Kevin Magnussen",210,"Haas F1 Team",31,92.256,12
825,"Kevin Magnussen",210,"Haas F1 Team",32,92.592,12
825,"Kevin Magnussen",210,"Haas F1 Team",33,93.4,11
825,"Kevin Magnussen",210,"Haas F1 Team",34,92.6,11
825,"Kevin Magnussen",210,"Haas F1 Team",35,92.958,11
825,"Kevin Magnussen",210,"Haas F1 Team",36,93.329,12
825,"Kevin Magnussen",210,"Haas F1 Team",37,93.335,10
825,"Kevin Magnussen",210,"Haas F1 Team",38,93.578,10
825,"Kevin Magnussen",210,"Haas F1 Team",39,92.629,10
825,"Kevin Magnussen",210,"Haas F1 Team",40,92.732,9
825,"Kevin Magnussen",210,"Haas F1 Team",41,92.678,9
825,"Kevin Magnussen",210,"Haas F1 Team",42,92.456,9
825,"Kevin Magnussen",210,"Haas F1 Team",43,92.516,8
825,"Kevin Magnussen",210,"Haas F1 Team",44,92.292,8
825,"Kevin Magnussen",210,"Haas F1 Team",45,92.12,8
825,"Kevin Magnussen",210,"Haas F1 Team",46,93.209,9
825,"Kevin Magnussen",210,"Haas F1 Team",47,93.387,10
825,"Kevin Magnussen",210,"Haas F1 Team",48,92.591,10
825,"Kevin Magnussen",210,"Haas F1 Team",49,92.402,10
825,"Kevin Magnussen",210,"Haas F1 Team",50,92.462,10
825,"Kevin Magnussen",210,"Haas F1 Team",51,92.237,10
825,"Kevin Magnussen",210,"Haas F1 Team",52,91.964,10
825,"Kevin Magnussen",210,"Haas F1 Team",53,91.691,10
825,"Kevin Magnussen",210,"Haas F1 Team",54,91.893,10
825,"Kevin Magnussen",210,"Haas F1 Team",55,91.735,10
825,"Kevin Magnussen",210,"Haas F1 Team",56,91.757,10
825,"Kevin Magnussen",210,"Haas F1 Team",57,92.025,10
822,"Valtteri Bottas",51,"Alfa Romeo",1,101.314,8
822,"Valtteri Bottas",51,"Alfa Romeo",2,95.623,9
822,"Valtteri Bottas",51,"Alfa Romeo",3,93.933,9
822,"Valtteri Bottas",51,"Alfa Romeo",4,94.493,9
822,"Valtteri Bottas",51,"Alfa Romeo",5,94.177,10
822,"Valtteri Bottas",51,"Alfa Romeo",6,93.821,10
822,"Valtteri Bottas",51,"Alfa Romeo",7,93.67,10
822,"Valtteri Bottas",51,"Alfa Romeo",8,93.856,10
822,"Valtteri Bottas",51,"Alfa Romeo",9,93.727,10
822,"Valtteri Bottas",51,"Alfa Romeo",10,93.762,10
822,"Valtteri Bottas",51,"Alfa Romeo",11,93.377,10
822,"Valtteri Bottas",51,"Alfa Romeo",12,93.151,10
822,"Valtteri Bottas",51,"Alfa Romeo",13,93.352,10
822,"Valtteri Bottas",51,"Alfa Romeo",14,93.894,9
822,"Valtteri Bottas",51,"Alfa Romeo",15,99.631,15
822,"Valtteri Bottas",51,"Alfa Romeo",16,108.475,16
822,"Valtteri Bottas",51,"Alfa Romeo",17,92.543,16
822,"Valtteri Bottas",51,"Alfa Romeo",18,93.893,16
822,"Valtteri Bottas",51,"Alfa Romeo",19,93.326,16
822,"Valtteri Bottas",51,"Alfa Romeo",20,92.981,16
822,"Valtteri Bottas",51,"Alfa Romeo",21,93.112,16
822,"Valtteri Bottas",51,"Alfa Romeo",22,92.876,16
822,"Valtteri Bottas",51,"Alfa Romeo",23,93.085,15
822,"Valtteri Bottas",51,"Alfa Romeo",24,93.046,15
822,"Valtteri Bottas",51,"Alfa Romeo",25,92.901,15
822,"Valtteri Bottas",51,"Alfa Romeo",26,92.851,15
822,"Valtteri Bottas",51,"Alfa Romeo",27,92.797,15
822,"Valtteri Bottas",51,"Alfa Romeo",28,92.64,15
822,"Valtteri Bottas",51,"Alfa Romeo",29,92.937,15
822,"Valtteri Bottas",51,"Alfa Romeo",30,92.631,15
822,"Valtteri Bottas",51,"Alfa Romeo",31,92.584,14
822,"Valtteri Bottas",51,"Alfa Romeo",32,92.496,14
822,"Valtteri Bottas",51,"Alfa Romeo",33,92.575,14
822,"Valtteri Bottas",51,"Alfa Romeo",34,92.47,13
822,"Valtteri Bottas",51,"Alfa Romeo",35,92.443,13
822,"Valtteri Bottas",51,"Alfa Romeo",36,92.524,13
822,"Valtteri Bottas",51,"Alfa Romeo",37,92.492,12
822,"Valtteri Bottas",51,"Alfa Romeo",38,92.632,11
822,"Valtteri Bottas",51,"Alfa Romeo",39,92.844,12
822,"Valtteri Bottas",51,"Alfa Romeo",40,94.143,12
822,"Valtteri Bottas",51,"Alfa Romeo",41,92.777,12
822,"Valtteri Bottas",51,"Alfa Romeo",42,92.216,12
822,"Valtteri Bottas",51,"Alfa Romeo",43,92.348,11
822,"Valtteri Bottas",51,"Alfa Romeo",44,92.079,11
822,"Valtteri Bottas",51,"Alfa Romeo",45,92.269,11
822,"Valtteri Bottas",51,"Alfa Romeo",46,92.618,11
822,"Valtteri Bottas",51,"Alfa Romeo",47,92.014,11
822,"Valtteri Bottas",51,"Alfa Romeo",48,92.427,11
822,"Valtteri Bottas",51,"Alfa Romeo",49,92.35,11
822,"Valtteri Bottas",51,"Alfa Romeo",50,93.074,12
822,"Valtteri Bottas",51,"Alfa Romeo",51,92.997,13
822,"Valtteri Bottas",51,"Alfa Romeo",52,92.793,13
822,"Valtteri Bottas",51,"Alfa Romeo",53,92.855,13
822,"Valtteri Bottas",51,"Alfa Romeo",54,92.188,13
822,"Valtteri Bottas",51,"Alfa Romeo",55,92.063,13
822,"Valtteri Bottas",51,"Alfa Romeo",56,91.838,13
822,"Valtteri Bottas",51,"Alfa Romeo",57,91.894,13
830,"Max Verstappen",9,"Red Bull",1,101.724,9
830,"Max Verstappen",9,"Red Bull",2,94.26,8
830,"Max Verstappen",9,"Red Bull",3,94.127,8
830,"Max Verstappen",9,"Red Bull",4,92.935,6
830,"Max Verstappen",9,"Red Bull",5,92.875,6
830,"Max Verstappen",9,"Red Bull",6,92.753,6
830,"Max Verstappen",9,"Red Bull",7,92.555,6
830,"Max Verstappen",9,"Red Bull",8,92.947,5
830,"Max Verstappen",9,"Red Bull",9,92.988,4
830,"Max Verstappen",9,"Red Bull",10,92.74,4
830,"Max Verstappen",9,"Red Bull",11,92.251,4
830,"Max Verstappen",9,"Red Bull",12,92.304,4
830,"Max Verstappen",9,"Red Bull",13,91.736,4
830,"Max Verstappen",9,"Red Bull",14,92.193,3
830,"Max Verstappen",9,"Red Bull",15,92.433,2
830,"Max Verstappen",9,"Red Bull",16,92.333,2
830,"Max Verstappen",9,"Red Bull",17,92.455,2
830,"Max Verstappen",9,"Red Bull",18,92.124,2
830,"Max Verstappen",9,"Red Bull",19,92.073,2
830,"Max Verstappen",9,"Red Bull",20,92.203,1
830,"Max Verstappen",9,"Red Bull",21,92.351,1
830,"Max Verstappen",9,"Red Bull",22,92.267,1
830,"Max Verstappen",9,"Red Bull",23,91.906,1
830,"Max Verstappen",9,"Red Bull",24,92.126,1
830,"Max Verstappen",9,"Red Bull",25,91.919,1
830,"Max Verstappen",9,"Red Bull",26,91.922,1
830,"Max Verstappen",9,"Red Bull",27,91.829,1
830,"Max Verstappen",9,"Red Bull",28,91.776,1
830,"Max Verstappen",9,"Red Bull",29,91.82,1
830,"Max Verstappen",9,"Red Bull",30,92.484,1
830,"Max Verstappen",9,"Red Bull",31,91.627,1
830,"Max Verstappen",9,"Red Bull",32,91.293,1
830,"Max Verstappen",9,"Red Bull",33,91.481,1
830,"Max Verstappen",9,"Red Bull",34,91.43,1
830,"Max Verstappen",9,"Red Bull",35,91.225,1
830,"Max Verstappen",9,"Red Bull",36,91.384,1
830,"Max Verstappen",9,"Red Bull",37,91.268,1
830,"Max Verstappen",9,"Red Bull",38,91.199,1
830,"Max Verstappen",9,"Red Bull",39,91.444,1
830,"Max Verstappen",9,"Red Bull",40,91.288,1
830,"Max Verstappen",9,"Red Bull",41,91.004,1
830,"Max Verstappen",9,"Red Bull",42,91.122,1
830,"Max Verstappen",9,"Red Bull",43,90.988,1
830,"Max Verstappen",9,"Red Bull",44,91.056,1
830,"Max Verstappen",9,"Red Bull",45,95.856,1
830,"Max Verstappen",9,"Red Bull",46,106.123,2
830,"Max Verstappen",9,"Red Bull",47,91.179,2
830,"Max Verstappen",9,"Red Bull",48,90.637,1
830,"Max Verstappen",9,"Red Bull",49,90.91,1
830,"Max Verstappen",9,"Red Bull",50,90.837,1
830,"Max Verstappen",9,"Red Bull",51,90.699,1
830,"Max Verstappen",9,"Red Bull",52,90.372,1
830,"Max Verstappen",9,"Red Bull",53,90.546,1
830,"Max Verstappen",9,"Red Bull",54,90.492,1
830,"Max Verstappen",9,"Red Bull",55,90.391,1
830,"Max Verstappen",9,"Red Bull",56,89.708,1
830,"Max Verstappen",9,"Red Bull",57,90.273,1
839,"Esteban Ocon",214,"Alpine F1 Team",1,102.184,10
839,"Esteban Ocon",214,"Alpine F1 Team",2,95.207,10
839,"Esteban Ocon",214,"Alpine F1 Team",3,93.948,10
839,"Esteban Ocon",214,"Alpine F1 Team",4,94.344,10
839,"Esteban Ocon",214,"Alpine F1 Team",5,93.355,9
839,"Esteban Ocon",214,"Alpine F1 Team",6,93.521,9
839,"Esteban Ocon",214,"Alpine F1 Team",7,93.357,9
839,"Esteban Ocon",214,"Alpine F1 Team",8,93.317,9
839,"Esteban Ocon",214,"Alpine F1 Team",9,93.298,9
839,"Esteban Ocon",214,"Alpine F1 Team",10,93.241,9
839,"Esteban Ocon",214,"Alpine F1 Team",11,93.095,9
839,"Esteban Ocon",214,"Alpine F1 Team",12,93.107,9
839,"Esteban Ocon",214,"Alpine F1 Team",13,94.313,9
839,"Esteban Ocon",214,"Alpine F1 Team",14,93.933,8
839,"Esteban Ocon",214,"Alpine F1 Team",15,93.258,7
839,"Esteban Ocon",214,"Alpine F1 Team",16,93.221,7
839,"Esteban Ocon",214,"Alpine F1 Team",17,93.148,6
839,"Esteban Ocon",214,"Alpine F1 Team",18,92.938,5
839,"Esteban Ocon",214,"Alpine F1 Team",19,93.243,4
839,"Esteban Ocon",214,"Alpine F1 Team",20,92.84,4
839,"Esteban Ocon",214,"Alpine F1 Team",21,93.164,3
839,"Esteban Ocon",214,"Alpine F1 Team",22,93.681,4
839,"Esteban Ocon",214,"Alpine F1 Team",23,93.104,4
839,"Esteban Ocon",214,"Alpine F1 Team",24,92.904,4
839,"Esteban Ocon",214,"Alpine F1 Team",25,92.984,3
839,"Esteban Ocon",214,"Alpine F1 Team",26,93.161,3
839,"Esteban Ocon",214,"Alpine F1 Team",27,92.857,3
839,"Esteban Ocon",214,"Alpine F1 Team",28,92.882,3
839,"Esteban Ocon",214,"Alpine F1 Team",29,93.657,4
839,"Esteban Ocon",214,"Alpine F1 Team",30,93.817,5
839,"Esteban Ocon",214,"Alpine F1 Team",31,93.298,5
839,"Esteban Ocon",214,"Alpine F1 Team",32,92.775,5
839,"Esteban Ocon",214,"Alpine F1 Team",33,92.303,4
839,"Esteban Ocon",214,"Alpine F1 Team",34,93.211,5
839,"Esteban Ocon",214,"Alpine F1 Team",35,92.89,5
839,"Esteban Ocon",214,"Alpine F1 Team",36,93.199,6
839,"Esteban Ocon",214,"Alpine F1 Team",37,92.674,6
839,"Esteban Ocon",214,"Alpine F1 Team",38,92.58,6
839,"Esteban Ocon",214,"Alpine F1 Team",39,97.507,6
839,"Esteban Ocon",214,"Alpine F1 Team",40,105.73,11
839,"Esteban Ocon",214,"Alpine F1 Team",41,91.81,11
839,"Esteban Ocon",214,"Alpine F1 Team",42,91.708,11
839,"Esteban Ocon",214,"Alpine F1 Team",43,91.754,10
839,"Esteban Ocon",214,"Alpine F1 Team",44,91.454,10
839,"Esteban Ocon",214,"Alpine F1 Team",45,91.566,10
839,"Esteban Ocon",214,"Alpine F1 Team",46,91.968,10
839,"Esteban Ocon",214,"Alpine F1 Team",47,92.222,9
839,"Esteban Ocon",214,"Alpine F1 Team",48,91.724,9
839,"Esteban Ocon",214,"Alpine F1 Team",49,92.209,9
839,"Esteban Ocon",214,"Alpine F1 Team",50,92.086,9
839,"Esteban Ocon",214,"Alpine F1 Team",51,91.795,9
839,"Esteban Ocon",214,"Alpine F1 Team",52,91.582,9
839,"Esteban Ocon",214,"Alpine F1 Team",53,91.842,9
839,"Esteban Ocon",214,"Alpine F1 Team",54,91.537,9
839,"Esteban Ocon",214,"Alpine F1 Team",55,91.289,9
839,"Esteban Ocon",214,"Alpine F1 Team",56,91.143,9
839,"Esteban Ocon",214,"Alpine F1 Team",57,91.429,9
807,"Nico Hülkenberg",210,"Haas F1 Team",1,102.723,11
807,"Nico Hülkenberg",210,"Haas F1 Team",2,95.313,11
807,"Nico Hülkenberg",210,"Haas F1 Team",3,93.858,11
807,"Nico Hülkenberg",210,"Haas F1 Team",4,94.463,11
807,"Nico Hülkenberg",210,"Haas F1 Team",5,93.708,11
807,"Nico Hülkenberg",210,"Haas F1 Team",6,93.835,11
807,"Nico Hülkenberg",210,"Haas F1 Team",7,93.422,11
807,"Nico Hülkenberg",210,"Haas F1 Team",8,94.352,11
807,"Nico Hülkenberg",210,"Haas F1 Team",9,93.474,11
807,"Nico Hülkenberg",210,"Haas F1 Team",10,93.938,11
807,"Nico Hülkenberg",210,"Haas F1 Team",11,93.442,11
807,"Nico Hülkenberg",210,"Haas F1 Team",12,93.383,11
807,"Nico Hülkenberg",210,"Haas F1 Team",13,93.545,11
807,"Nico Hülkenberg",210,"Haas F1 Team",14,93.434,10
807,"Nico Hülkenberg",210,"Haas F1 Team",15,94.473,9
807,"Nico Hülkenberg",210,"Haas F1 Team",16,93.266,8
807,"Nico Hülkenberg",210,"Haas F1 Team",17,93.405,8
807,"Nico Hülkenberg",210,"Haas F1 Team",18,93.826,6
807,"Nico Hülkenberg",210,"Haas F1 Team",19,93.105,5
807,"Nico Hülkenberg",210,"Haas F1 Team",20,92.84,5
807,"Nico Hülkenberg",210,"Haas F1 Team",21,93.924,6
807,"Nico Hülkenberg",210,"Haas F1 Team",22,93.081,6
807,"Nico Hülkenberg",210,"Haas F1 Team",23,94.217,7
807,"Nico Hülkenberg",210,"Haas F1 Team",24,93.288,7
807,"Nico Hülkenberg",210,"Haas F1 Team",25,93.412,7
807,"Nico Hülkenberg",210,"Haas F1 Team",26,93.004,7
807,"Nico Hülkenberg",210,"Haas F1 Team",27,93.076,7
807,"Nico Hülkenberg",210,"Haas F1 Team",28,94.233,8
807,"Nico Hülkenberg",210,"Haas F1 Team",29,92.991,8
807,"Nico Hülkenberg",210,"Haas F1 Team",30,93.05,8
807,"Nico Hülkenberg",210,"Haas F1 Team",31,93.011,8
807,"Nico Hülkenberg",210,"Haas F1 Team",32,92.584,8
807,"Nico Hülkenberg",210,"Haas F1 Team",33,100.557,13
807,"Nico Hülkenberg",210,"Haas F1 Team",34,107.942,16
807,"Nico Hülkenberg",210,"Haas F1 Team",35,91.3,16
807,"Nico Hülkenberg",210,"Haas F1 Team",36,90.901,16
807,"Nico Hülkenberg",210,"Haas F1 Team",37,92.397,15
807,"Nico Hülkenberg",210,"Haas F1 Team",38,92.195,15
807,"Nico Hülkenberg",210,"Haas F1 Team",39,92.035,15
807,"Nico Hülkenberg",210,"Haas F1 Team",40,92.173,15
807,"Nico Hülkenberg",210,"Haas F1 Team",41,92.176,15
807,"Nico Hülkenberg",210,"Haas F1 Team",42,92.352,15
807,"Nico Hülkenberg",210,"Haas F1 Team",43,91.897,14
807,"Nico Hülkenberg",210,"Haas F1 Team",44,91.975,14
807,"Nico Hülkenberg",210,"Haas F1 Team",45,91.954,14
807,"Nico Hülkenberg",210,"Haas F1 Team",46,92.231,14
807,"Nico Hülkenberg",210,"Haas F1 Team",47,92.843,15
807,"Nico Hülkenberg",210,"Haas F1 Team",48,92.682,15
807,"Nico Hülkenberg",210,"Haas F1 Team",49,93.389,15
807,"Nico Hülkenberg",210,"Haas F1 Team",50,92.511,15
807,"Nico Hülkenberg",210,"Haas F1 Team",51,92.198,15
807,"Nico Hülkenberg",210,"Haas F1 Team",52,92.144,15
807,"Nico Hülkenberg",210,"Haas F1 Team",53,92.065,15
807,"Nico Hülkenberg",210,"Haas F1 Team",54,92.285,15
807,"Nico Hülkenberg",210,"Haas F1 Team",55,92.088,15
807,"Nico Hülkenberg",210,"Haas F1 Team",56,92.201,15
807,"Nico Hülkenberg",210,"Haas F1 Team",57,93.024,15
848,"Alexander Albon",3,"Williams",1,103.346,12
848,"Alexander Albon",3,"Williams",2,95.177,12
848,"Alexander Albon",3,"Williams",3,94.158,12
848,"Alexander Albon",3,"Williams",4,94.269,12
848,"Alexander Albon",3,"Williams",5,93.842,12
848,"Alexander Albon",3,"Williams",6,93.689,12
848,"Alexander Albon",3,"Williams",7,93.544,12
848,"Alexander Albon",3,"Williams",8,94.267,12
848,"Alexander Albon",3,"Williams",9,93.593,12
848,"Alexander Albon",3,"Williams",10,93.902,12
848,"Alexander Albon",3,"Williams",11,93.455,12
848,"Alexander Albon",3,"Williams",12,93.292,12
848,"Alexander Albon",3,"Williams",13,93.605,12
848,"Alexander Albon",3,"Williams",14,93.704,11
848,"Alexander Albon",3,"Williams",15,94.412,11
848,"Alexander Albon",3,"Williams",16,93.91,10
848,"Alexander Albon",3,"Williams",17,93.692,10
848,"Alexander Albon",3,"Williams",18,93.858,8
848,"Alexander Albon",3,"Williams",19,94.015,8
848,"Alexander Albon",3,"Williams",20,93.391,8
848,"Alexander Albon",3,"Williams",21,94.324,9
848,"Alexander Albon",3,"Williams",22,99.058,14
848,"Alexander Albon",3,"Williams",23,107.79,17
848,"Alexander Albon",3,"Williams",24,92.241,17
848,"Alexander Albon",3,"Williams",25,92.519,17
848,"Alexander Albon",3,"Williams",26,92.586,17
848,"Alexander Albon",3,"Williams",27,92.07,16
848,"Alexander Albon",3,"Williams",28,92.378,16
848,"Alexander Albon",3,"Williams",29,92.383,16
848,"Alexander Albon",3,"Williams",30,92.522,16
848,"Alexander Albon",3,"Williams",31,92.408,16
848,"Alexander Albon",3,"Williams",32,92.222,15
848,"Alexander Albon",3,"Williams",33,92.681,15
848,"Alexander Albon",3,"Williams",34,92.311,14
848,"Alexander Albon",3,"Williams",35,92.305,14
848,"Alexander Albon",3,"Williams",36,92.318,14
848,"Alexander Albon",3,"Williams",37,92.346,13
848,"Alexander Albon",3,"Williams",38,93.361,13
848,"Alexander Albon",3,"Williams",39,92.444,13
848,"Alexander Albon",3,"Williams",40,92.753,13
848,"Alexander Albon",3,"Williams",41,92.386,13
848,"Alexander Albon",3,"Williams",42,92.816,13
848,"Alexander Albon",3,"Williams",43,92.456,12
848,"Alexander Albon",3,"Williams",44,91.996,12
848,"Alexander Albon",3,"Williams",45,92.369,12
848,"Alexander Albon",3,"Williams",46,92.419,12
848,"Alexander Albon",3,"Williams",47,92.711,13
848,"Alexander Albon",3,"Williams",48,93.044,13
848,"Alexander Albon",3,"Williams",49,93.798,14
848,"Alexander Albon",3,"Williams",50,92.457,14
848,"Alexander Albon",3,"Williams",51,92.128,14
848,"Alexander Albon",3,"Williams",52,92.144,14
848,"Alexander Albon",3,"Williams",53,92.076,14
848,"Alexander Albon",3,"Williams",54,92.104,14
848,"Alexander Albon",3,"Williams",55,91.852,14
848,"Alexander Albon",3,"Williams",56,92.147,14
848,"Alexander Albon",3,"Williams",57,92.058,14
1,"Lewis Hamilton",131,"Mercedes",1,104.363,13
1,"Lewis Hamilton",131,"Mercedes",2,94.915,13
1,"Lewis Hamilton",131,"Mercedes",3,94.057,13
1,"Lewis Hamilton",131,"Mercedes",4,94.115,13
1,"Lewis Hamilton",131,"Mercedes",5,93.803,13
1,"Lewis Hamilton",131,"Mercedes",6,93.916,13
1,"Lewis Hamilton",131,"Mercedes",7,93.36,13
1,"Lewis Hamilton",131,"Mercedes",8,94.443,13
1,"Lewis Hamilton",131,"Mercedes",9,93.37,13
1,"Lewis Hamilton",131,"Mercedes",10,93.955,13
1,"Lewis Hamilton",131,"Mercedes",11,93.339,13
1,"Lewis Hamilton",131,"Mercedes",12,93.372,13
1,"Lewis Hamilton",131,"Mercedes",13,93.583,13
1,"Lewis Hamilton",131,"Mercedes",14,93.822,13
1,"Lewis Hamilton",131,"Mercedes",15,93.354,10
1,"Lewis Hamilton",131,"Mercedes",16,93.379,9
1,"Lewis Hamilton",131,"Mercedes",17,93.113,9
1,"Lewis Hamilton",131,"Mercedes",18,93.984,7
1,"Lewis Hamilton",131,"Mercedes",19,93.316,6
1,"Lewis Hamilton",131,"Mercedes",20,93.39,7
1,"Lewis Hamilton",131,"Mercedes",21,93.197,7
1,"Lewis Hamilton",131,"Mercedes",22,93.041,7
1,"Lewis Hamilton",131,"Mercedes",23,92.999,6
1,"Lewis Hamilton",131,"Mercedes",24,92.938,6
1,"Lewis Hamilton",131,"Mercedes",25,93.013,6
1,"Lewis Hamilton",131,"Mercedes",26,92.633,6
1,"Lewis Hamilton",131,"Mercedes",27,92.878,6
1,"Lewis Hamilton",131,"Mercedes",28,92.91,6
1,"Lewis Hamilton",131,"Mercedes",29,92.583,6
1,"Lewis Hamilton",131,"Mercedes",30,92.649,6
1,"Lewis Hamilton",131,"Mercedes",31,92.614,6
1,"Lewis Hamilton",131,"Mercedes",32,93.573,7
1,"Lewis Hamilton",131,"Mercedes",33,92.422,7
1,"Lewis Hamilton",131,"Mercedes",34,92.475,7
1,"Lewis Hamilton",131,"Mercedes",35,92.629,7
1,"Lewis Hamilton",131,"Mercedes",36,92.709,7
1,"Lewis Hamilton",131,"Mercedes",37,97.819,7
1,"Lewis Hamilton",131,"Mercedes",38,105.089,12
1,"Lewis Hamilton",131,"Mercedes",39,91.77,11
1,"Lewis Hamilton",131,"Mercedes",40,91.694,10
1,"Lewis Hamilton",131,"Mercedes",41,91.369,10
1,"Lewis Hamilton",131,"Mercedes",42,91.729,10
1,"Lewis Hamilton",131,"Mercedes",43,91.717,9
1,"Lewis Hamilton",131,"Mercedes",44,91.391,9
1,"Lewis Hamilton",131,"Mercedes",45,91.393,9
1,"Lewis Hamilton",131,"Mercedes",46,91.464,8
1,"Lewis Hamilton",131,"Mercedes",47,91.117,8
1,"Lewis Hamilton",131,"Mercedes",48,91.102,8
1,"Lewis Hamilton",131,"Mercedes",49,91.362,8
1,"Lewis Hamilton",131,"Mercedes",50,91.359,8
1,"Lewis Hamilton",131,"Mercedes",51,91.178,8
1,"Lewis Hamilton",131,"Mercedes",52,91.356,8
1,"Lewis Hamilton",131,"Mercedes",53,91.38,7
1,"Lewis Hamilton",131,"Mercedes",54,91.303,6
1,"Lewis Hamilton",131,"Mercedes",55,90.987,6
1,"Lewis Hamilton",131,"Mercedes",56,92.03,6
1,"Lewis Hamilton",131,"Mercedes",57,90.669,6
857,"Oscar Piastri",1,"McLaren",1,104.758,14
857,"Oscar Piastri",1,"McLaren",2,95.574,14
857,"Oscar Piastri",1,"McLaren",3,93.952,14
857,"Oscar Piastri",1,"McLaren",4,93.959,14
857,"Oscar Piastri",1,"McLaren",5,98.967,18
857,"Oscar Piastri",1,"McLaren",6,108.019,18
857,"Oscar Piastri",1,"McLaren",7,93.096,18
857,"Oscar Piastri",1,"McLaren",8,93.357,18
857,"Oscar Piastri",1,"McLaren",9,93.199,18
857,"Oscar Piastri",1,"McLaren",10,93.895,18
857,"Oscar Piastri",1,"McLaren",11,95.094,18
857,"Oscar Piastri",1,"McLaren",12,94.893,18
857,"Oscar Piastri",1,"McLaren",13,95.073,19
857,"Oscar Piastri",1,"McLaren",14,93.531,19
857,"Oscar Piastri",1,"McLaren",15,93.415,19
857,"Oscar Piastri",1,"McLaren",16,93.544,18
857,"Oscar Piastri",1,"McLaren",17,93.33,18
857,"Oscar Piastri",1,"McLaren",18,93.369,18
857,"Oscar Piastri",1,"McLaren",19,93.418,18
857,"Oscar Piastri",1,"McLaren",20,94.056,18
857,"Oscar Piastri",1,"McLaren",21,93.528,18
857,"Oscar Piastri",1,"McLaren",22,93.792,18
857,"Oscar Piastri",1,"McLaren",23,94.962,18
857,"Oscar Piastri",1,"McLaren",24,94.116,18
857,"Oscar Piastri",1,"McLaren",25,94.018,18
857,"Oscar Piastri",1,"McLaren",26,94.086,18
857,"Oscar Piastri",1,"McLaren",27,94.067,18
857,"Oscar Piastri",1,"McLaren",28,94.215,18
857,"Oscar Piastri",1,"McLaren",29,94.444,18
857,"Oscar Piastri",1,"McLaren",30,95.581,19
857,"Oscar Piastri",1,"McLaren",31,94.575,19
857,"Oscar Piastri",1,"McLaren",32,94.312,19
857,"Oscar Piastri",1,"McLaren",33,94.1,19
857,"Oscar Piastri",1,"McLaren",34,93.315,19
857,"Oscar Piastri",1,"McLaren",35,93.403,19
857,"Oscar Piastri",1,"McLaren",36,93.283,19
857,"Oscar Piastri",1,"McLaren",37,93.216,19
857,"Oscar Piastri",1,"McLaren",38,93.434,19
857,"Oscar Piastri",1,"McLaren",39,94.421,19
857,"Oscar Piastri",1,"McLaren",40,94.908,19
857,"Oscar Piastri",1,"McLaren",41,93.002,19
857,"Oscar Piastri",1,"McLaren",42,92.86,19
857,"Oscar Piastri",1,"McLaren",43,92.635,19
857,"Oscar Piastri",1,"McLaren",44,93.267,19
857,"Oscar Piastri",1,"McLaren",45,93.437,19
857,"Oscar Piastri",1,"McLaren",46,93.317,19
857,"Oscar Piastri",1,"McLaren",47,92.964,19
857,"Oscar Piastri",1,"McLaren",48,96.036,19
857,"Oscar Piastri",1,"McLaren",49,93.381,19
857,"Oscar Piastri",1,"McLaren",50,92.981,19
857,"Oscar Piastri",1,"McLaren",51,92.588,19
857,"Oscar Piastri",1,"McLaren",52,92.558,19
857,"Oscar Piastri",1,"McLaren",53,92.606,19
857,"Oscar Piastri",1,"McLaren",54,92.354,19
857,"Oscar Piastri",1,"McLaren",55,92.484,19
857,"Oscar Piastri",1,"McLaren",56,92.006,19
852,"Yuki Tsunoda",213,"AlphaTauri",1,105.736,15
852,"Yuki Tsunoda",213,"AlphaTauri",2,95.313,15
852,"Yuki Tsunoda",213,"AlphaTauri",3,94.278,15
852,"Yuki Tsunoda",213,"AlphaTauri",4,93.804,15
852,"Yuki Tsunoda",213,"AlphaTauri",5,93.698,14
852,"Yuki Tsunoda",213,"AlphaTauri",6,93.591,14
852,"Yuki Tsunoda",213,"AlphaTauri",7,93.259,14
852,"Yuki Tsunoda",213,"AlphaTauri",8,93.968,14
852,"Yuki Tsunoda",213,"AlphaTauri",9,93.447,14
852,"Yuki Tsunoda",213,"AlphaTauri",10,93.759,14
852,"Yuki Tsunoda",213,"AlphaTauri",11,93.565,14
852,"Yuki Tsunoda",213,"AlphaTauri",12,93.186,14
852,"Yuki Tsunoda",213,"AlphaTauri",13,93.562,14
852,"Yuki Tsunoda",213,"AlphaTauri",14,93.877,14
852,"Yuki Tsunoda",213,"AlphaTauri",15,93.713,12
852,"Yuki Tsunoda",213,"AlphaTauri",16,93.744,11
852,"Yuki Tsunoda",213,"AlphaTauri",17,94.294,11
852,"Yuki Tsunoda",213,"AlphaTauri",18,93.406,9
852,"Yuki Tsunoda",213,"AlphaTauri",19,93.905,9
852,"Yuki Tsunoda",213,"AlphaTauri",20,93.384,9
852,"Yuki Tsunoda",213,"AlphaTauri",21,93.675,8
852,"Yuki Tsunoda",213,"AlphaTauri",22,92.977,8
852,"Yuki Tsunoda",213,"AlphaTauri",23,93.181,8
852,"Yuki Tsunoda",213,"AlphaTauri",24,93.093,8
852,"Yuki Tsunoda",213,"AlphaTauri",25,92.836,8
852,"Yuki Tsunoda",213,"AlphaTauri",26,93.718,9
852,"Yuki Tsunoda",213,"AlphaTauri",27,93.027,9
852,"Yuki Tsunoda",213,"AlphaTauri",28,92.81,9
852,"Yuki Tsunoda",213,"AlphaTauri",29,92.842,9
852,"Yuki Tsunoda",213,"AlphaTauri",30,92.892,9
852,"Yuki Tsunoda",213,"AlphaTauri",31,93.036,9
852,"Yuki Tsunoda",213,"AlphaTauri",32,92.959,9
852,"Yuki Tsunoda",213,"AlphaTauri",33,92.861,8
852,"Yuki Tsunoda",213,"AlphaTauri",34,92.412,8
852,"Yuki Tsunoda",213,"AlphaTauri",35,92.276,8
852,"Yuki Tsunoda",213,"AlphaTauri",36,97.007,10
852,"Yuki Tsunoda",213,"AlphaTauri",37,106.515,14
852,"Yuki Tsunoda",213,"AlphaTauri",38,91.561,14
852,"Yuki Tsunoda",213,"AlphaTauri",39,91.944,14
852,"Yuki Tsunoda",213,"AlphaTauri",40,92.274,14
852,"Yuki Tsunoda",213,"AlphaTauri",41,92.294,14
852,"Yuki Tsunoda",213,"AlphaTauri",42,92.361,14
852,"Yuki Tsunoda",213,"AlphaTauri",43,92.26,13
852,"Yuki Tsunoda",213,"AlphaTauri",44,92.083,13
852,"Yuki Tsunoda",213,"AlphaTauri",45,92.193,13
852,"Yuki Tsunoda",213,"AlphaTauri",46,92.38,13
852,"Yuki Tsunoda",213,"AlphaTauri",47,92.124,12
852,"Yuki Tsunoda",213,"AlphaTauri",48,91.991,12
852,"Yuki Tsunoda",213,"AlphaTauri",49,91.607,12
852,"Yuki Tsunoda",213,"AlphaTauri",50,92.372,11
852,"Yuki Tsunoda",213,"AlphaTauri",51,91.448,11
852,"Yuki Tsunoda",213,"AlphaTauri",52,91.503,11
852,"Yuki Tsunoda",213,"AlphaTauri",53,91.514,11
852,"Yuki Tsunoda",213,"AlphaTauri",54,91.482,11
852,"Yuki Tsunoda",213,"AlphaTauri",55,91.19,11
852,"Yuki Tsunoda",213,"AlphaTauri",56,91.038,11
852,"Yuki Tsunoda",213,"AlphaTauri",57,91.325,11
855,"Guanyu Zhou",51,"Alfa Romeo",1,105.906,16
855,"Guanyu Zhou",51,"Alfa Romeo",2,95.597,16
855,"Guanyu Zhou",51,"Alfa Romeo",3,94.369,16
855,"Guanyu Zhou",51,"Alfa Romeo",4,93.834,16
855,"Guanyu Zhou",51,"Alfa Romeo",5,93.613,15
855,"Guanyu Zhou",51,"Alfa Romeo",6,93.754,15
855,"Guanyu Zhou",51,"Alfa Romeo",7,93.538,15
855,"Guanyu Zhou",51,"Alfa Romeo",8,93.607,15
855,"Guanyu Zhou",51,"Alfa Romeo",9,93.588,15
855,"Guanyu Zhou",51,"Alfa Romeo",10,93.782,15
855,"Guanyu Zhou",51,"Alfa Romeo",11,93.437,15
855,"Guanyu Zhou",51,"Alfa Romeo",12,93.302,15
855,"Guanyu Zhou",51,"Alfa Romeo",13,93.697,15
855,"Guanyu Zhou",51,"Alfa Romeo",14,93.864,15
855,"Guanyu Zhou",51,"Alfa Romeo",15,93.749,13
855,"Guanyu Zhou",51,"Alfa Romeo",16,94.01,12
855,"Guanyu Zhou",51,"Alfa Romeo",17,93.56,12
855,"Guanyu Zhou",51,"Alfa Romeo",18,93.718,10
855,"Guanyu Zhou",51,"Alfa Romeo",19,94.801,11
855,"Guanyu Zhou",51,"Alfa Romeo",20,94.245,12
855,"Guanyu Zhou",51,"Alfa Romeo",21,94.653,12
855,"Guanyu Zhou",51,"Alfa Romeo",22,94.271,12
855,"Guanyu Zhou",51,"Alfa Romeo",23,93.788,12
855,"Guanyu Zhou",51,"Alfa Romeo",24,94.29,13
855,"Guanyu Zhou",51,"Alfa Romeo",25,93.658,13
855,"Guanyu Zhou",51,"Alfa Romeo",26,93.66,13
855,"Guanyu Zhou",51,"Alfa Romeo",27,94.028,14
855,"Guanyu Zhou",51,"Alfa Romeo",28,93.528,14
855,"Guanyu Zhou",51,"Alfa Romeo",29,93.167,14
855,"Guanyu Zhou",51,"Alfa Romeo",30,93.073,14
855,"Guanyu Zhou",51,"Alfa Romeo",31,97.61,15
855,"Guanyu Zhou",51,"Alfa Romeo",32,107.897,17
855,"Guanyu Zhou",51,"Alfa Romeo",33,92.264,17
855,"Guanyu Zhou",51,"Alfa Romeo",34,91.894,17
855,"Guanyu Zhou",51,"Alfa Romeo",35,91.898,17
855,"Guanyu Zhou",51,"Alfa Romeo",36,91.905,17
855,"Guanyu Zhou",51,"Alfa Romeo",37,92.249,17
855,"Guanyu Zhou",51,"Alfa Romeo",38,92.459,17
855,"Guanyu Zhou",51,"Alfa Romeo",39,92.351,17
855,"Guanyu Zhou",51,"Alfa Romeo",40,92.179,17
855,"Guanyu Zhou",51,"Alfa Romeo",41,92.244,17
855,"Guanyu Zhou",51,"Alfa Romeo",42,92.343,17
855,"Guanyu Zhou",51,"Alfa Romeo",43,92.087,17
855,"Guanyu Zhou",51,"Alfa Romeo",44,92.402,17
855,"Guanyu Zhou",51,"Alfa Romeo",45,92.31,17
855,"Guanyu Zhou",51,"Alfa Romeo",46,92.203,17
855,"Guanyu Zhou",51,"Alfa Romeo",47,92.233,17
855,"Guanyu Zhou",51,"Alfa Romeo",48,91.996,16
855,"Guanyu Zhou",51,"Alfa Romeo",49,92.208,16
855,"Guanyu Zhou",51,"Alfa Romeo",50,91.958,16
855,"Guanyu Zhou",51,"Alfa Romeo",51,91.855,16
855,"Guanyu Zhou",51,"Alfa Romeo",52,92.193,16
855,"Guanyu Zhou",51,"Alfa Romeo",53,92.119,16
855,"Guanyu Zhou",51,"Alfa Romeo",54,91.925,16
855,"Guanyu Zhou",51,"Alfa Romeo",55,91.892,16
855,"Guanyu Zhou",51,"Alfa Romeo",56,91.736,16
855,"Guanyu Zhou",51,"Alfa Romeo",57,92.184,16
840,"Lance Stroll",117,"Aston Martin",1,106.289,17
840,"Lance Stroll",117,"Aston Martin",2,95.75,17
840,"Lance Stroll",117,"Aston Martin",3,94.327,17
840,"Lance Stroll",117,"Aston Martin",4,93.947,17
840,"Lance Stroll",117,"Aston Martin",5,93.637,16
840,"Lance Stroll",117,"Aston Martin",6,93.834,16
840,"Lance Stroll",117,"Aston Martin",7,93.593,16
840,"Lance Stroll",117,"Aston Martin",8,93.663,16
840,"Lance Stroll",117,"Aston Martin",9,93.778,16
840,"Lance Stroll",117,"Aston Martin",10,93.445,16
840,"Lance Stroll",117,"Aston Martin",11,94.014,16
840,"Lance Stroll",117,"Aston Martin",12,93.718,16
840,"Lance Stroll",117,"Aston Martin",13,93.766,16
840,"Lance Stroll",117,"Aston Martin",14,93.758,16
840,"Lance Stroll",117,"Aston Martin",15,93.406,14
840,"Lance Stroll",117,"Aston Martin",16,93.442,13
840,"Lance Stroll",117,"Aston Martin",17,93.444,13
840,"Lance Stroll",117,"Aston Martin",18,93.401,11
840,"Lance Stroll",117,"Aston Martin",19,93.605,10
840,"Lance Stroll",117,"Aston Martin",20,93.261,10
840,"Lance Stroll",117,"Aston Martin",21,93.551,10
840,"Lance Stroll",117,"Aston Martin",22,94.178,9
840,"Lance Stroll",117,"Aston Martin",23,93.1,9
840,"Lance Stroll",117,"Aston Martin",24,93.811,10
840,"Lance Stroll",117,"Aston Martin",25,93.786,11
840,"Lance Stroll",117,"Aston Martin",26,93.022,11
840,"Lance Stroll",117,"Aston Martin",27,92.999,11
840,"Lance Stroll",117,"Aston Martin",28,92.626,11
840,"Lance Stroll",117,"Aston Martin",29,92.667,11
840,"Lance Stroll",117,"Aston Martin",30,92.706,11
840,"Lance Stroll",117,"Aston Martin",31,92.514,11
840,"Lance Stroll",117,"Aston Martin",32,92.62,11
840,"Lance Stroll",117,"Aston Martin",33,94.467,10
840,"Lance Stroll",117,"Aston Martin",34,92.559,10
840,"Lance Stroll",117,"Aston Martin",35,92.574,10
840,"Lance Stroll",117,"Aston Martin",36,92.639,9
840,"Lance Stroll",117,"Aston Martin",37,92.501,9
840,"Lance Stroll",117,"Aston Martin",38,92.422,8
840,"Lance Stroll",117,"Aston Martin",39,92.299,8
840,"Lance Stroll",117,"Aston Martin",40,92.24,7
840,"Lance Stroll",117,"Aston Martin",41,92.247,7
840,"Lance Stroll",117,"Aston Martin",42,97.256,8
840,"Lance Stroll",117,"Aston Martin",43,106.469,15
840,"Lance Stroll",117,"Aston Martin",44,90.862,15
840,"Lance Stroll",117,"Aston Martin",45,91.357,15
840,"Lance Stroll",117,"Aston Martin",46,91.299,15
840,"Lance Stroll",117,"Aston Martin",47,91.426,14
840,"Lance Stroll",117,"Aston Martin",48,92.237,14
840,"Lance Stroll",117,"Aston Martin",49,91.705,13
840,"Lance Stroll",117,"Aston Martin",50,91.733,13
840,"Lance Stroll",117,"Aston Martin",51,92.03,12
840,"Lance Stroll",117,"Aston Martin",52,91.513,12
840,"Lance Stroll",117,"Aston Martin",53,91.521,12
840,"Lance Stroll",117,"Aston Martin",54,91.076,12
840,"Lance Stroll",117,"Aston Martin",55,90.978,12
840,"Lance Stroll",117,"Aston Martin",56,90.88,12
840,"Lance Stroll",117,"Aston Martin",57,91.047,12
858,"Logan Sargeant",3,"Williams",1,106.841,18
858,"Logan Sargeant",3,"Williams",2,101.093,20
858,"Logan Sargeant",3,"Williams",3,135.625,20
858,"Logan Sargeant",3,"Williams",4,93.587,20
858,"Logan Sargeant",3,"Williams",5,93.933,20
858,"Logan Sargeant",3,"Williams",6,93.394,20
858,"Logan Sargeant",3,"Williams",7,93.67,20
858,"Logan Sargeant",3,"Williams",8,93.789,20
858,"Logan Sargeant",3,"Williams",9,93.726,20
858,"Logan Sargeant",3,"Williams",10,93.394,20
858,"Logan Sargeant",3,"Williams",11,93.667,20
858,"Logan Sargeant",3,"Williams",12,93.817,20
858,"Logan Sargeant",3,"Williams",13,93.681,20
858,"Logan Sargeant",3,"Williams",14,93.937,20
858,"Logan Sargeant",3,"Williams",15,94.223,20
858,"Logan Sargeant",3,"Williams",16,93.748,20
858,"Logan Sargeant",3,"Williams",17,93.506,20
858,"Logan Sargeant",3,"Williams",18,93.521,20
858,"Logan Sargeant",3,"Williams",19,93.607,20
858,"Logan Sargeant",3,"Williams",20,93.574,20
858,"Logan Sargeant",3,"Williams",21,93.553,20
858,"Logan Sargeant",3,"Williams",22,93.384,20
858,"Logan Sargeant",3,"Williams",23,93.501,20
858,"Logan Sargeant",3,"Williams",24,93.316,20
858,"Logan Sargeant",3,"Williams",25,93.578,20
858,"Logan Sargeant",3,"Williams",26,93.502,20
858,"Logan Sargeant",3,"Williams",27,93.146,20
858,"Logan Sargeant",3,"Williams",28,93.361,20
858,"Logan Sargeant",3,"Williams",29,93.338,20
858,"Logan Sargeant",3,"Williams",30,93.414,20
858,"Logan Sargeant",3,"Williams",31,92.89,20
858,"Logan Sargeant",3,"Williams",32,94.511,20
858,"Logan Sargeant",3,"Williams",33,93.178,20
858,"Logan Sargeant",3,"Williams",34,93.103,20
858,"Logan Sargeant",3,"Williams",35,92.88,20
858,"Logan Sargeant",3,"Williams",36,93.016,20
858,"Logan Sargeant",3,"Williams",37,93.317,20
858,"Logan Sargeant",3,"Williams",38,92.975,20
858,"Logan Sargeant",3,"Williams",39,93.104,20
858,"Logan Sargeant",3,"Williams",40,93.181,20
858,"Logan Sargeant",3,"Williams",41,94.076,20
858,"Logan Sargeant",3,"Williams",42,93.523,20
858,"Logan Sargeant",3,"Williams",43,93.378,20
858,"Logan Sargeant",3,"Williams",44,92.59,20
858,"Logan Sargeant",3,"Williams",45,92.701,20
858,"Logan Sargeant",3,"Williams",46,92.79,20
858,"Logan Sargeant",3,"Williams",47,92.602,20
858,"Logan Sargeant",3,"Williams",48,92.612,20
858,"Logan Sargeant",3,"Williams",49,92.727,20
858,"Logan Sargeant",3,"Williams",50,92.384,20
858,"Logan Sargeant",3,"Williams",51,92.636,20
858,"Logan Sargeant",3,"Williams",52,92.622,20
858,"Logan Sargeant",3,"Williams",53,94.326,20
858,"Logan Sargeant",3,"Williams",54,93.065,20
858,"Logan Sargeant",3,"Williams",55,93.375,20
858,"Logan Sargeant",3,"Williams",56,94.641,20
846,"Lando Norris",1,"McLaren",1,107.753,19
846,"Lando Norris",1,"McLaren",2,95.682,18
846,"Lando Norris",1,"McLaren",3,93.869,18
846,"Lando Norris",1,"McLaren",4,98.826,19
846,"Lando Norris",1,"McLaren",5,110.478,19
846,"Lando Norris",1,"McLaren",6,92.916,19
846,"Lando Norris",1,"McLaren",7,93.067,19
846,"Lando Norris",1,"McLaren",8,93.165,19
846,"Lando Norris",1,"McLaren",9,93.237,19
846,"Lando Norris",1,"McLaren",10,93.168,19
846,"Lando Norris",1,"McLaren",11,93.52,19
846,"Lando Norris",1,"McLaren",12,93.352,19
846,"Lando Norris",1,"McLaren",13,93.145,18
846,"Lando Norris",1,"McLaren",14,93.172,18
846,"Lando Norris",1,"McLaren",15,93.398,18
846,"Lando Norris",1,"McLaren",16,93.503,17
846,"Lando Norris",1,"McLaren",17,93.14,17
846,"Lando Norris",1,"McLaren",18,93.097,17
846,"Lando Norris",1,"McLaren",19,93.271,17
846,"Lando Norris",1,"McLaren",20,93.438,17
846,"Lando Norris",1,"McLaren",21,93.147,17
846,"Lando Norris",1,"McLaren",22,93.206,17
846,"Lando Norris",1,"McLaren",23,93.447,16
846,"Lando Norris",1,"McLaren",24,93.301,16
846,"Lando Norris",1,"McLaren",25,93.083,16
846,"Lando Norris",1,"McLaren",26,93.378,16
846,"Lando Norris",1,"McLaren",27,93.753,17
846,"Lando Norris",1,"McLaren",28,92.906,17
846,"Lando Norris",1,"McLaren",29,92.913,17
846,"Lando Norris",1,"McLaren",30,92.827,17
846,"Lando Norris",1,"McLaren",31,93.372,17
846,"Lando Norris",1,"McLaren",32,92.744,16
846,"Lando Norris",1,"McLaren",33,92.931,16
846,"Lando Norris",1,"McLaren",34,92.635,15
846,"Lando Norris",1,"McLaren",35,92.696,15
846,"Lando Norris",1,"McLaren",36,92.686,15
846,"Lando Norris",1,"McLaren",37,93.798,16
846,"Lando Norris",1,"McLaren",38,93.172,16
846,"Lando Norris",1,"McLaren",39,93.191,16
846,"Lando Norris",1,"McLaren",40,92.674,16
846,"Lando Norris",1,"McLaren",41,92.797,16
846,"Lando Norris",1,"McLaren",42,92.98,16
846,"Lando Norris",1,"McLaren",43,92.727,16
846,"Lando Norris",1,"McLaren",44,92.806,16
846,"Lando Norris",1,"McLaren",45,92.556,16
846,"Lando Norris",1,"McLaren",46,92.871,16
846,"Lando Norris",1,"McLaren",47,92.401,16
846,"Lando Norris",1,"McLaren",48,93.632,17
846,"Lando Norris",1,"McLaren",49,92.711,17
846,"Lando Norris",1,"McLaren",50,92.559,17
846,"Lando Norris",1,"McLaren",51,93.505,17
846,"Lando Norris",1,"McLaren",52,93.234,17
846,"Lando Norris",1,"McLaren",53,93.073,17
846,"Lando Norris",1,"McLaren",54,92.945,17
846,"Lando Norris",1,"McLaren",55,92.695,17
846,"Lando Norris",1,"McLaren",56,92.57,17
846,"Lando Norris",1,"McLaren",57,92.839,17
856,"Nyck de Vries",213,"AlphaTauri",1,108.179,20
856,"Nyck de Vries",213,"AlphaTauri",2,95.729,19
856,"Nyck de Vries",213,"AlphaTauri",3,94.67,19
856,"Nyck de Vries",213,"AlphaTauri",4,94.126,18
856,"Nyck de Vries",213,"AlphaTauri",5,94.314,17
856,"Nyck de Vries",213,"AlphaTauri",6,94.235,17
856,"Nyck de Vries",213,"AlphaTauri",7,94.042,17
856,"Nyck de Vries",213,"AlphaTauri",8,93.856,17
856,"Nyck de Vries",213,"AlphaTauri",9,94.264,17
856,"Nyck de Vries",213,"AlphaTauri",10,93.989,17
856,"Nyck de Vries",213,"AlphaTauri",11,93.798,17
856,"Nyck de Vries",213,"AlphaTauri",12,93.861,17
856,"Nyck de Vries",213,"AlphaTauri",13,93.754,17
856,"Nyck de Vries",213,"AlphaTauri",14,93.995,17
856,"Nyck de Vries",213,"AlphaTauri",15,98.808,17
856,"Nyck de Vries",213,"AlphaTauri",16,110.131,19
856,"Nyck de Vries",213,"AlphaTauri",17,92.879,19
856,"Nyck de Vries",213,"AlphaTauri",18,93.104,19
856,"Nyck de Vries",213,"AlphaTauri",19,93.02,19
856,"Nyck de Vries",213,"AlphaTauri",20,93.018,19
856,"Nyck de Vries",213,"AlphaTauri",21,93.098,19
856,"Nyck de Vries",213,"AlphaTauri",22,92.866,19
856,"Nyck de Vries",213,"AlphaTauri",23,93.154,19
856,"Nyck de Vries",213,"AlphaTauri",24,93.154,19
856,"Nyck de Vries",213,"AlphaTauri",25,93.585,19
856,"Nyck de Vries",213,"AlphaTauri",26,93.823,19
856,"Nyck de Vries",213,"AlphaTauri",27,93.862,19
856,"Nyck de Vries",213,"AlphaTauri",28,94.373,19
856,"Nyck de Vries",213,"AlphaTauri",29,94.446,19
856,"Nyck de Vries",213,"AlphaTauri",30,94.105,18
856,"Nyck de Vries",213,"AlphaTauri",31,92.948,18
856,"Nyck de Vries",213,"AlphaTauri",32,92.756,18
856,"Nyck de Vries",213,"AlphaTauri",33,92.854,18
856,"Nyck de Vries",213,"AlphaTauri",34,92.724,18
856,"Nyck de Vries",213,"AlphaTauri",35,92.801,18
856,"Nyck de Vries",213,"AlphaTauri",36,92.884,18
856,"Nyck de Vries",213,"AlphaTauri",37,92.945,18
856,"Nyck de Vries",213,"AlphaTauri",38,92.809,18
856,"Nyck de Vries",213,"AlphaTauri",39,92.562,18
856,"Nyck de Vries",213,"AlphaTauri",40,92.658,18
856,"Nyck de Vries",213,"AlphaTauri",41,92.658,18
856,"Nyck de Vries",213,"AlphaTauri",42,92.64,18
856,"Nyck de Vries",213,"AlphaTauri",43,92.349,18
856,"Nyck de Vries",213,"AlphaTauri",44,92.906,18
856,"Nyck de Vries",213,"AlphaTauri",45,92.899,18
856,"Nyck de Vries",213,"AlphaTauri",46,92.678,18
856,"Nyck de Vries",213,"AlphaTauri",47,92.454,18
856,"Nyck de Vries",213,"AlphaTauri",48,92.1,18
856,"Nyck de Vries",213,"AlphaTauri",49,92.431,18
856,"Nyck de Vries",213,"AlphaTauri",50,92.248,18
856,"Nyck de Vries",213,"AlphaTauri",51,92.052,18
856,"Nyck de Vries",213,"AlphaTauri",52,92.131,18
856,"Nyck de Vries",213,"AlphaTauri",53,92.072,18
856,"Nyck de Vries",213,"AlphaTauri",54,91.913,18
856,"Nyck de Vries",213,"AlphaTauri",55,91.988,18
856,"Nyck de Vries",213,"AlphaTauri",56,91.93,18
856,"Nyck de Vries",213,"AlphaTauri",57,91.562,18
